keyword,classification,disposition,canonical_route,keyword_magic_volume,keyword_magic_difficulty,keyword_magic_snapshot,positions_export_volume,positions_export_kd,organic_positions,sources,notes
90's bixie haircut,Primary direct collection,mapped-canonical,/collections/90s-inspired/,,,,50,23,stylist.co.uk: 7,stylist.co.uk,Combine apostrophe and word-order synonyms.
90s bixie haircut,Primary direct collection,mapped-canonical,/collections/90s-inspired/,390,20,20260801,,,,keyword_magic,Combine apostrophe and word-order synonyms.
a bixie haircut,Primary direct head/synonym,mapped-canonical,/,,,,50,15,stylist.co.uk: 6,stylist.co.uk,"Consolidate spelling, plural and short-name variants; no duplicate synonym pages."
bixie,Primary direct head/synonym,mapped-canonical,/,9900,27,20260801,12100,31,,johnfrieda.com; keyword_magic,"Consolidate spelling, plural and short-name variants; no duplicate synonym pages."
bixie cut,Primary direct head/synonym,mapped-canonical,/,9900,31,20260801,12100,29,johnfrieda.com: 1; nealandwolf.com: 2,johnfrieda.com; keyword_magic; nealandwolf.com,"Consolidate spelling, plural and short-name variants; no duplicate synonym pages."
bixie cut haircut,Primary direct head/synonym,mapped-canonical,/,,,,110,19,stylist.co.uk: 5,stylist.co.uk,"Consolidate spelling, plural and short-name variants; no duplicate synonym pages."
bixie cuts,Primary direct head/synonym,mapped-canonical,/,590,34,20260801,590,34,nealandwolf.com: 2,keyword_magic; nealandwolf.com,"Consolidate spelling, plural and short-name variants; no duplicate synonym pages."
bixie hair,Primary direct head/synonym,mapped-canonical,/,,,,480,20,nealandwolf.com: 3,nealandwolf.com,"Consolidate spelling, plural and short-name variants; no duplicate synonym pages."
bixie hair cut,Primary direct head/synonym,mapped-canonical,/,390,28,20260801,480,28,nealandwolf.com: 2,keyword_magic; nealandwolf.com,"Consolidate spelling, plural and short-name variants; no duplicate synonym pages."
bixie haircut,Primary direct head/synonym,mapped-canonical,/,22200,31,20260801,27100,20,johnfrieda.com: 2; nealandwolf.com: 1; stylist.co.uk: 5,johnfrieda.com; keyword_magic; nealandwolf.com; stylist.co.uk,"Consolidate spelling, plural and short-name variants; no duplicate synonym pages."
bixie haircut 2025,Historical direct intent,historical-context-only,/looks/,2400,27,20260801,1900,30,johnfrieda.com: 2,johnfrieda.com; keyword_magic,Do not present an old year as a fresh collection; avoid annual doorway pages.
bixie haircut 2026,Primary direct seasonal intent,mapped-canonical,/looks/,1600,29,20260801,2900,26,johnfrieda.com: 3,johnfrieda.com; keyword_magic,Use a genuinely maintained latest edit with truthful dates; avoid duplicated year pages.
bixie haircut 90s,Primary direct collection,mapped-canonical,/collections/90s-inspired/,480,21,20260801,590,21,stylist.co.uk: 6,keyword_magic; stylist.co.uk,Combine apostrophe and word-order synonyms.
bixie haircut florence pugh,Excluded celebrity-specific intent,excluded-celebrity-intent,,,,,40,19,stylist.co.uk: 7,stylist.co.uk,Do not fabricate celebrity photos or imply an endorsement.
bixie haircut for thin hair,Primary direct collection,mapped-canonical,/collections/thin-hair/,590,18,20260801,590,14,nealandwolf.com: 7,keyword_magic; nealandwolf.com,Use credible lower-density references; do not promise regrowth or extra density.
bixie haircut images,Primary direct gallery,mapped-canonical,/looks/,,,,480,34,nealandwolf.com: 4,nealandwolf.com,"Use indexable image elements, meaningful alt text and complete look references."
bixie haircut over 50,Primary direct collection,mapped-canonical,/collections/over-50/,1600,26,20260801,2400,41,johnfrieda.com: 3; nealandwolf.com: 12,johnfrieda.com; keyword_magic; nealandwolf.com,Dignified age-inclusive references; no guaranteed younger-looking claims.
bixie haircut over 60,Primary direct collection,mapped-canonical,/collections/over-60/,1000,20,20260801,,,,keyword_magic,"Age is a browsing context, not a haircut suitability rule."
bixie haircut round face,Primary direct collection,mapped-canonical,/collections/round-face/,390,24,20260801,390,24,nealandwolf.com: 16,keyword_magic; nealandwolf.com,Reference category only; do not imply universal suitability.
bixie haircut trend,Primary direct seasonal intent,mapped-canonical,/looks/,,,,70,31,stylist.co.uk: 15,stylist.co.uk,Use a genuinely maintained latest edit with truthful dates; avoid duplicated year pages.
bixie haircut wavy hair,Primary direct collection,mapped-canonical,/collections/wavy/,480,25,20260801,480,19,nealandwolf.com: 3,keyword_magic; nealandwolf.com,Show natural wave and relevant styling context.
bixie haircut with bangs,Primary direct collection,mapped-canonical,/collections/bangs/,390,33,20260801,390,30,nealandwolf.com: 4,keyword_magic; nealandwolf.com,"Keep curtain, wispy, full and side-swept fringe as browsable facets until distinct galleries exist."
bixie haircuts,Primary direct head/synonym,mapped-canonical,/,720,36,20260801,1000,36,nealandwolf.com: 4,keyword_magic; nealandwolf.com,"Consolidate spelling, plural and short-name variants; no duplicate synonym pages."
bixie low maintenance pixie bob haircut,Primary direct collection,mapped-canonical,/collections/easy-styling/,390,40,20260801,390,47,nealandwolf.com: 8,keyword_magic; nealandwolf.com,Explain maintenance tradeoffs; texture and desired finish determine effort.
bixie shixie haircut,Primary direct comparison,mapped-canonical,/guides/bixie-shixie-wolf-cut/,,,,260,31,stylist.co.uk: 46,stylist.co.uk,Explain overlapping names without treating structurally different cuts as synonyms.
bixie with bangs,Primary direct collection,mapped-canonical,/collections/bangs/,590,35,20260801,720,29,nealandwolf.com: 4,keyword_magic; nealandwolf.com,"Keep curtain, wispy, full and side-swept fringe as browsable facets until distinct galleries exist."
bixie wolf cut,Primary direct comparison,mapped-canonical,/guides/bixie-shixie-wolf-cut/,390,20,20260801,480,20,nealandwolf.com: 5,keyword_magic; nealandwolf.com,Explain overlapping names without treating structurally different cuts as synonyms.
bixies haircut,Primary direct head/synonym,mapped-canonical,/,,,,70,25,stylist.co.uk: 17,stylist.co.uk,"Consolidate spelling, plural and short-name variants; no duplicate synonym pages."
bobs and pixie cuts,Adjacent broad comparison,supporting-comparison-only,/guides/what-is-a-bixie-haircut/,3600,38,20260801,,,,keyword_magic,A broad bob-and-pixie query is not exclusively bixie intent.
boy bob vs bixie cut,Primary direct comparison,mapped-canonical,/guides/what-is-a-bixie-haircut/,,,,5400,10,nealandwolf.com: 2,nealandwolf.com,"Explain boy bob, bixie, pixie and bob differences in one substantive guide."
curly bixie,Primary direct collection,mapped-canonical,/collections/curly/,720,26,20260801,720,26,nealandwolf.com: 2,keyword_magic; nealandwolf.com,Show credible curl patterns and the haircut shape.
fine hair bixie haircut,Primary direct collection,mapped-canonical,/collections/fine-hair/,1300,28,20260801,1000,21,nealandwolf.com: 5,keyword_magic; nealandwolf.com,Fine strand diameter is distinct from low hair density.
fine hair pixie bob haircut,Primary direct collection,mapped-canonical,/collections/fine-hair/,720,25,20260801,,,,keyword_magic,Fine strand diameter is distinct from low hair density.
layered pixie bob,Primary direct collection,mapped-canonical,/collections/layered/,720,28,20260801,,,,keyword_magic,"Show crown, face-framing and nape structure across angles."
long bixie haircut,Primary direct collection,mapped-canonical,/collections/long/,,,,480,29,nealandwolf.com: 2,nealandwolf.com,Long pixie-bob equivalents belong here only when the haircut is a real hybrid.
long pixie bob,Primary direct collection,mapped-canonical,/collections/long/,1600,33,20260801,,,,keyword_magic,Long pixie-bob equivalents belong here only when the haircut is a real hybrid.
long pixie bob hairstyles,Primary direct collection,mapped-canonical,/collections/long/,590,25,20260801,,,,keyword_magic,Long pixie-bob equivalents belong here only when the haircut is a real hybrid.
longer pixie bob,Primary direct collection,mapped-canonical,/collections/long/,480,39,20260801,,,,keyword_magic,Long pixie-bob equivalents belong here only when the haircut is a real hybrid.
low maintenance pixie bob haircut,Primary direct collection,mapped-canonical,/collections/easy-styling/,1900,38,20260801,1900,50,johnfrieda.com: 4,johnfrieda.com; keyword_magic,Explain maintenance tradeoffs; texture and desired finish determine effort.
low-maintenance pixie bob haircut,Primary direct collection,mapped-canonical,/collections/easy-styling/,,,,1600,41,johnfrieda.com: 3,johnfrieda.com,Explain maintenance tradeoffs; texture and desired finish determine effort.
pixie bob haircut,Primary equivalent-name intent,mapped-canonical,/looks/,,,,6600,31,,johnfrieda.com,Name equivalence is useful; do not relabel ordinary bobs or pixies.
pixie bob hairstyles,Primary equivalent-name intent,mapped-canonical,/looks/,2900,45,20260801,,,,keyword_magic,Name equivalence is useful; do not relabel ordinary bobs or pixies.
pixie-bob,Primary equivalent-name intent,mapped-canonical,/looks/,,,,2900,29,,johnfrieda.com,Name equivalence is useful; do not relabel ordinary bobs or pixies.
the bixie haircut,Primary direct head/synonym,mapped-canonical,/,,,,210,18,stylist.co.uk: 7,stylist.co.uk,"Consolidate spelling, plural and short-name variants; no duplicate synonym pages."
undercut pixie bob haircut,Primary direct collection,mapped-canonical,/collections/undercut/,590,33,20260801,,,,keyword_magic,Publish only clearly documented bixie hybrids with undercut details.
what is a bixie,Primary direct definition,mapped-canonical,/guides/what-is-a-bixie-haircut/,,,,390,26,nealandwolf.com: 4,nealandwolf.com,One canonical definition page; no spelling-variant pages.
what is a bixie cut,Primary direct definition,mapped-canonical,/guides/what-is-a-bixie-haircut/,,,,480,24,,nealandwolf.com,One canonical definition page; no spelling-variant pages.
what is a bixie haircut,Primary direct definition,mapped-canonical,/guides/what-is-a-bixie-haircut/,1600,17,20260801,1600,20,johnfrieda.com: 1; nealandwolf.com: 7; stylist.co.uk: 6,johnfrieda.com; keyword_magic; nealandwolf.com; stylist.co.uk,One canonical definition page; no spelling-variant pages.
what is bixie haircut,Primary direct definition,mapped-canonical,/guides/what-is-a-bixie-haircut/,,,,40,14,stylist.co.uk: 7,stylist.co.uk,One canonical definition page; no spelling-variant pages.
whats a bixie haircut,Primary direct definition,mapped-canonical,/guides/what-is-a-bixie-haircut/,,,,110,19,stylist.co.uk: 20,stylist.co.uk,One canonical definition page; no spelling-variant pages.
zendaya bridal bixie cut,Excluded celebrity-specific intent,excluded-celebrity-intent,,,,,590,25,,nealandwolf.com,Do not fabricate celebrity photos or imply an endorsement.
awkward stage growing out a pixie cut chart,Selected supporting intent,mapped-context,/guides/growing-out-a-bixie/,390,19,20260801,,,,keyword_magic,Use pixie grow-out comparisons within a bixie-specific guide; no rank claim for the broad query.
best hairstyle for thin and fine hair,Selected supporting intent,mapped-context,/guides/fine-vs-thin-hair/,480,38,20260801,,,,keyword_magic,Explain strand thickness and density; broader fine/coarse comparison is supporting context.
best hairstyles for thin and fine hair,Selected supporting intent,mapped-context,/guides/fine-vs-thin-hair/,590,44,20260801,,,,keyword_magic,Explain strand thickness and density; broader fine/coarse comparison is supporting context.
coarse vs fine hair,Selected supporting intent,mapped-context,/guides/fine-vs-thin-hair/,,,,390,12,,laurakcollins.com,Explain strand thickness and density; broader fine/coarse comparison is supporting context.
fine and coarse hair,Selected supporting intent,mapped-context,/guides/fine-vs-thin-hair/,,,,170,12,,laurakcollins.com,Explain strand thickness and density; broader fine/coarse comparison is supporting context.
fine vs coarse hair,Selected supporting intent,mapped-context,/guides/fine-vs-thin-hair/,,,,880,19,,laurakcollins.com,Explain strand thickness and density; broader fine/coarse comparison is supporting context.
grow out a pixie,Selected supporting intent,mapped-context,/guides/growing-out-a-bixie/,390,16,20260801,,,,keyword_magic,Use pixie grow-out comparisons within a bixie-specific guide; no rank claim for the broad query.
grow out a pixie cut,Selected supporting intent,mapped-context,/guides/growing-out-a-bixie/,390,19,20260801,,,,keyword_magic,Use pixie grow-out comparisons within a bixie-specific guide; no rank claim for the broad query.
growing out a pixie,Selected supporting intent,mapped-context,/guides/growing-out-a-bixie/,1300,30,20260801,,,,keyword_magic,Use pixie grow-out comparisons within a bixie-specific guide; no rank claim for the broad query.
growing out a pixie cut,Selected supporting intent,mapped-context,/guides/growing-out-a-bixie/,2400,28,20260801,,,,keyword_magic,Use pixie grow-out comparisons within a bixie-specific guide; no rank claim for the broad query.
growing out a pixie cut chart,Selected supporting intent,mapped-context,/guides/growing-out-a-bixie/,720,36,20260801,,,,keyword_magic,Use pixie grow-out comparisons within a bixie-specific guide; no rank claim for the broad query.
growing out pixie cut,Selected supporting intent,mapped-context,/guides/growing-out-a-bixie/,480,25,20260801,,,,keyword_magic,Use pixie grow-out comparisons within a bixie-specific guide; no rank claim for the broad query.
growing out short hair,Selected supporting intent,mapped-context,/guides/growing-out-a-bixie/,390,27,20260801,,,,keyword_magic,Use pixie grow-out comparisons within a bixie-specific guide; no rank claim for the broad query.
haircuts for growing out a pixie cut,Selected supporting intent,mapped-context,/guides/growing-out-a-bixie/,390,23,20260801,,,,keyword_magic,Use pixie grow-out comparisons within a bixie-specific guide; no rank claim for the broad query.
haircuts for growing out short hair,Selected supporting intent,mapped-context,/guides/growing-out-a-bixie/,590,24,20260801,,,,keyword_magic,Use pixie grow-out comparisons within a bixie-specific guide; no rank claim for the broad query.
haircuts when growing out short hair,Selected supporting intent,mapped-context,/guides/growing-out-a-bixie/,480,24,20260801,,,,keyword_magic,Use pixie grow-out comparisons within a bixie-specific guide; no rank claim for the broad query.
hairstyles for growing out a pixie,Selected supporting intent,mapped-context,/guides/growing-out-a-bixie/,590,24,20260801,,,,keyword_magic,Use pixie grow-out comparisons within a bixie-specific guide; no rank claim for the broad query.
hairstyles for growing out pixie hair,Selected supporting intent,mapped-context,/guides/growing-out-a-bixie/,590,21,20260801,,,,keyword_magic,Use pixie grow-out comparisons within a bixie-specific guide; no rank claim for the broad query.
hairstyles for growing out short hair,Selected supporting intent,mapped-context,/guides/growing-out-a-bixie/,480,23,20260801,,,,keyword_magic,Use pixie grow-out comparisons within a bixie-specific guide; no rank claim for the broad query.
hairstyles for thin and fine hair,Selected supporting intent,mapped-context,/guides/fine-vs-thin-hair/,720,33,20260801,,,,keyword_magic,Explain strand thickness and density; broader fine/coarse comparison is supporting context.
hairstyles while growing out short hair,Selected supporting intent,mapped-context,/guides/growing-out-a-bixie/,480,27,20260801,,,,keyword_magic,Use pixie grow-out comparisons within a bixie-specific guide; no rank claim for the broad query.
how to grow out a pixie,Selected supporting intent,mapped-context,/guides/growing-out-a-bixie/,880,17,20260801,,,,keyword_magic,Use pixie grow-out comparisons within a bixie-specific guide; no rank claim for the broad query.
how to grow out a pixie cut,Selected supporting intent,mapped-context,/guides/growing-out-a-bixie/,880,22,20260801,,,,keyword_magic,Use pixie grow-out comparisons within a bixie-specific guide; no rank claim for the broad query.
how to grow out a pixie haircut,Selected supporting intent,mapped-context,/guides/growing-out-a-bixie/,590,18,20260801,,,,keyword_magic,Use pixie grow-out comparisons within a bixie-specific guide; no rank claim for the broad query.
how to style short hair,Selected supporting intent,mapped-context,/guides/styling-a-bixie/,5400,47,20260801,,,,keyword_magic,Answer the relevant short-hair task while retaining bixie focus.
how to style short hair women,Selected supporting intent,mapped-context,/guides/styling-a-bixie/,480,33,20260801,,,,keyword_magic,Answer the relevant short-hair task while retaining bixie focus.
styling short hair with bangs,Selected supporting intent,mapped-context,/guides/styling-a-bixie/,880,26,20260801,,,,keyword_magic,Answer the relevant short-hair task while retaining bixie focus.
styling short pixie cut,Selected supporting intent,mapped-context,/guides/styling-a-bixie/,480,33,20260801,,,,keyword_magic,Answer the relevant short-hair task while retaining bixie focus.
thin and fine hair,Selected supporting intent,mapped-context,/guides/fine-vs-thin-hair/,,,,320,31,,laurakcollins.com,Explain strand thickness and density; broader fine/coarse comparison is supporting context.
thin and fine hair styles,Selected supporting intent,mapped-context,/guides/fine-vs-thin-hair/,480,42,20260801,,,,keyword_magic,Explain strand thickness and density; broader fine/coarse comparison is supporting context.
