keyword,classification,coverage_cluster,suggested_route,keyword_magic_volume,keyword_magic_difficulty,keyword_magic_snapshot,positions_export_volume,positions_export_kd,best_exported_organic_position_by_competitor,sources,source_files,notes
90's bixie haircut,Primary direct collection,90s-inspired,/collections/90s-inspired/,,,,50,23,stylist.co.uk: 7,stylist.co.uk,stylist.co.uk_positions_us_pages-1-15_2026-10-06.csv,Combine apostrophe and word-order synonyms.
90s bixie haircut,Primary direct collection,90s-inspired,/collections/90s-inspired/,390,20,20260801,,,,keyword_magic,keywordmagic_hairstyles_us_pages-1-50_2026-10-06.csv,Combine apostrophe and word-order synonyms.
a bixie haircut,Primary direct head/synonym,Homepage and main archive,/,,,,50,15,stylist.co.uk: 6,stylist.co.uk,stylist.co.uk_positions_us_pages-1-15_2026-10-06.csv,"Consolidate spelling, plural and short-name variants; no duplicate synonym pages."
bixie,Primary direct head/synonym,Homepage and main archive,/,9900,27,20260801,12100,31,,johnfrieda.com; keyword_magic,johnfrieda.com_positions_us_pages-1-20_2026-10-06.csv; keywordmagic_hairstyles_us_pages-1-50_2026-10-06.csv,"Consolidate spelling, plural and short-name variants; no duplicate synonym pages."
bixie cut,Primary direct head/synonym,Homepage and main archive,/,9900,31,20260801,12100,29,johnfrieda.com: 1; nealandwolf.com: 2,johnfrieda.com; keyword_magic; nealandwolf.com,johnfrieda.com_positions_us_pages-1-20_2026-10-06.csv; keywordmagic_hairstyles_us_pages-1-50_2026-10-06.csv; nealandwolf.com_positions_us_pages-1-20_2026-10-06.csv,"Consolidate spelling, plural and short-name variants; no duplicate synonym pages."
bixie cut haircut,Primary direct head/synonym,Homepage and main archive,/,,,,110,19,stylist.co.uk: 5,stylist.co.uk,stylist.co.uk_positions_us_pages-1-15_2026-10-06.csv,"Consolidate spelling, plural and short-name variants; no duplicate synonym pages."
bixie cuts,Primary direct head/synonym,Homepage and main archive,/,590,34,20260801,590,34,nealandwolf.com: 2,keyword_magic; nealandwolf.com,keywordmagic_hairstyles_us_pages-1-50_2026-10-06.csv; nealandwolf.com_positions_us_pages-1-20_2026-10-06.csv,"Consolidate spelling, plural and short-name variants; no duplicate synonym pages."
bixie hair,Primary direct head/synonym,Homepage and main archive,/,,,,480,20,nealandwolf.com: 3,nealandwolf.com,nealandwolf.com_positions_us_pages-1-20_2026-10-06.csv,"Consolidate spelling, plural and short-name variants; no duplicate synonym pages."
bixie hair cut,Primary direct head/synonym,Homepage and main archive,/,390,28,20260801,480,28,nealandwolf.com: 2,keyword_magic; nealandwolf.com,keywordmagic_hairstyles_us_pages-1-50_2026-10-06.csv; nealandwolf.com_positions_us_pages-1-20_2026-10-06.csv,"Consolidate spelling, plural and short-name variants; no duplicate synonym pages."
bixie haircut,Primary direct head/synonym,Homepage and main archive,/,22200,31,20260801,27100,20,johnfrieda.com: 2; nealandwolf.com: 1; stylist.co.uk: 5,johnfrieda.com; keyword_magic; nealandwolf.com; stylist.co.uk,johnfrieda.com_positions_us_pages-1-20_2026-10-06.csv; keywordmagic_hairstyles_us_pages-1-50_2026-10-06.csv; nealandwolf.com_positions_us_pages-1-20_2026-10-06.csv; stylist.co.uk_positions_us_pages-1-15_2026-10-06.csv,"Consolidate spelling, plural and short-name variants; no duplicate synonym pages."
bixie haircut 2025,Historical direct intent,Historical context only,/looks/,2400,27,20260801,1900,30,johnfrieda.com: 2,johnfrieda.com; keyword_magic,johnfrieda.com_positions_us_pages-1-20_2026-10-06.csv; keywordmagic_hairstyles_us_pages-1-50_2026-10-06.csv,Do not present an old year as a fresh collection; avoid annual doorway pages.
bixie haircut 2026,Primary direct seasonal intent,Current curated edit,/looks/,1600,29,20260801,2900,26,johnfrieda.com: 3,johnfrieda.com; keyword_magic,johnfrieda.com_positions_us_pages-1-20_2026-10-06.csv; keywordmagic_hairstyles_us_pages-1-50_2026-10-06.csv,Use a genuinely maintained latest edit with truthful dates; avoid duplicated year pages.
bixie haircut 90s,Primary direct collection,90s-inspired,/collections/90s-inspired/,480,21,20260801,590,21,stylist.co.uk: 6,keyword_magic; stylist.co.uk,keywordmagic_hairstyles_us_pages-1-50_2026-10-06.csv; stylist.co.uk_positions_us_pages-1-15_2026-10-06.csv,Combine apostrophe and word-order synonyms.
bixie haircut florence pugh,Excluded celebrity-specific intent,Exclude from fictional model library,/guides/bixie-vs-pixie-vs-bob/,,,,40,19,stylist.co.uk: 7,stylist.co.uk,stylist.co.uk_positions_us_pages-1-15_2026-10-06.csv,Do not fabricate celebrity photos or imply an endorsement.
bixie haircut for thin hair,Primary direct collection,Thin hair,/collections/thin-hair/,590,18,20260801,590,14,nealandwolf.com: 7,keyword_magic; nealandwolf.com,keywordmagic_hairstyles_us_pages-1-50_2026-10-06.csv; nealandwolf.com_positions_us_pages-1-20_2026-10-06.csv,Use credible lower-density references; do not promise regrowth or extra density.
bixie haircut images,Primary direct gallery,Gallery archive,/looks/,,,,480,34,nealandwolf.com: 4,nealandwolf.com,nealandwolf.com_positions_us_pages-1-20_2026-10-06.csv,"Use indexable image elements, meaningful alt text and complete look references."
bixie haircut over 50,Primary direct collection,Over 50,/collections/over-50/,1600,26,20260801,2400,41,johnfrieda.com: 3; nealandwolf.com: 12,johnfrieda.com; keyword_magic; nealandwolf.com,johnfrieda.com_positions_us_pages-1-20_2026-10-06.csv; keywordmagic_hairstyles_us_pages-1-50_2026-10-06.csv; nealandwolf.com_positions_us_pages-1-20_2026-10-06.csv,Dignified age-inclusive references; no guaranteed younger-looking claims.
bixie haircut over 60,Primary direct collection,Over 60,/collections/over-60/,1000,20,20260801,,,,keyword_magic,keywordmagic_hairstyles_us_pages-1-50_2026-10-06.csv,"Age is a browsing context, not a haircut suitability rule."
bixie haircut round face,Primary direct collection,Round-face references,/collections/round-face/,390,24,20260801,390,24,nealandwolf.com: 16,keyword_magic; nealandwolf.com,keywordmagic_hairstyles_us_pages-1-50_2026-10-06.csv; nealandwolf.com_positions_us_pages-1-20_2026-10-06.csv,Reference category only; do not imply universal suitability.
bixie haircut trend,Primary direct seasonal intent,Current curated edit,/looks/,,,,70,31,stylist.co.uk: 15,stylist.co.uk,stylist.co.uk_positions_us_pages-1-15_2026-10-06.csv,Use a genuinely maintained latest edit with truthful dates; avoid duplicated year pages.
bixie haircut wavy hair,Primary direct collection,Wavy hair,/collections/wavy-hair/,480,25,20260801,480,19,nealandwolf.com: 3,keyword_magic; nealandwolf.com,keywordmagic_hairstyles_us_pages-1-50_2026-10-06.csv; nealandwolf.com_positions_us_pages-1-20_2026-10-06.csv,Show natural wave and relevant styling context.
bixie haircut with bangs,Primary direct collection,Bangs and fringe,/collections/bangs/,390,33,20260801,390,30,nealandwolf.com: 4,keyword_magic; nealandwolf.com,keywordmagic_hairstyles_us_pages-1-50_2026-10-06.csv; nealandwolf.com_positions_us_pages-1-20_2026-10-06.csv,"Keep curtain, wispy, full and side-swept fringe as browsable facets until distinct galleries exist."
bixie haircuts,Primary direct head/synonym,Homepage and main archive,/,720,36,20260801,1000,36,nealandwolf.com: 4,keyword_magic; nealandwolf.com,keywordmagic_hairstyles_us_pages-1-50_2026-10-06.csv; nealandwolf.com_positions_us_pages-1-20_2026-10-06.csv,"Consolidate spelling, plural and short-name variants; no duplicate synonym pages."
bixie low maintenance pixie bob haircut,Primary direct collection,Easy styling,/collections/easy-styling/,390,40,20260801,390,47,nealandwolf.com: 8,keyword_magic; nealandwolf.com,keywordmagic_hairstyles_us_pages-1-50_2026-10-06.csv; nealandwolf.com_positions_us_pages-1-20_2026-10-06.csv,Explain maintenance tradeoffs; texture and desired finish determine effort.
bixie shixie haircut,Primary direct comparison,Shaggy hybrid explanation,/guides/bixie-vs-shixie-vs-wolf-cut/,,,,260,31,stylist.co.uk: 46,stylist.co.uk,stylist.co.uk_positions_us_pages-1-15_2026-10-06.csv,Explain overlapping names without treating structurally different cuts as synonyms.
bixie with bangs,Primary direct collection,Bangs and fringe,/collections/bangs/,590,35,20260801,720,29,nealandwolf.com: 4,keyword_magic; nealandwolf.com,keywordmagic_hairstyles_us_pages-1-50_2026-10-06.csv; nealandwolf.com_positions_us_pages-1-20_2026-10-06.csv,"Keep curtain, wispy, full and side-swept fringe as browsable facets until distinct galleries exist."
bixie wolf cut,Primary direct comparison,Shaggy hybrid explanation,/guides/bixie-vs-shixie-vs-wolf-cut/,390,20,20260801,480,20,nealandwolf.com: 5,keyword_magic; nealandwolf.com,keywordmagic_hairstyles_us_pages-1-50_2026-10-06.csv; nealandwolf.com_positions_us_pages-1-20_2026-10-06.csv,Explain overlapping names without treating structurally different cuts as synonyms.
bixies haircut,Primary direct head/synonym,Homepage and main archive,/,,,,70,25,stylist.co.uk: 17,stylist.co.uk,stylist.co.uk_positions_us_pages-1-15_2026-10-06.csv,"Consolidate spelling, plural and short-name variants; no duplicate synonym pages."
bobs and pixie cuts,Adjacent broad comparison,Optional comparative context,/guides/bixie-vs-pixie-vs-bob/,3600,38,20260801,,,,keyword_magic,keywordmagic_hairstyles_us_pages-1-50_2026-10-06.csv,A broad bob-and-pixie query is not exclusively bixie intent.
boy bob vs bixie cut,Primary direct comparison,Comparison guide,/guides/bixie-vs-pixie-vs-bob/,,,,5400,10,nealandwolf.com: 2,nealandwolf.com,nealandwolf.com_positions_us_pages-1-20_2026-10-06.csv,"Explain boy bob, bixie, pixie and bob differences in one substantive guide."
curly bixie,Primary direct collection,Curly hair,/collections/curly-hair/,720,26,20260801,720,26,nealandwolf.com: 2,keyword_magic; nealandwolf.com,keywordmagic_hairstyles_us_pages-1-50_2026-10-06.csv; nealandwolf.com_positions_us_pages-1-20_2026-10-06.csv,Show credible curl patterns and the haircut shape.
fine hair bixie haircut,Primary direct collection,Fine hair,/collections/fine-hair/,1300,28,20260801,1000,21,nealandwolf.com: 5,keyword_magic; nealandwolf.com,keywordmagic_hairstyles_us_pages-1-50_2026-10-06.csv; nealandwolf.com_positions_us_pages-1-20_2026-10-06.csv,Fine strand diameter is distinct from low hair density.
fine hair pixie bob haircut,Primary direct collection,Fine hair,/collections/fine-hair/,720,25,20260801,,,,keyword_magic,keywordmagic_hairstyles_us_pages-1-50_2026-10-06.csv,Fine strand diameter is distinct from low hair density.
layered pixie bob,Primary direct collection,Layered,/collections/layered/,720,28,20260801,,,,keyword_magic,keywordmagic_hairstyles_us_pages-1-50_2026-10-06.csv,"Show crown, face-framing and nape structure across angles."
long bixie haircut,Primary direct collection,Long bixie,/collections/long/,,,,480,29,nealandwolf.com: 2,nealandwolf.com,nealandwolf.com_positions_us_pages-1-20_2026-10-06.csv,Long pixie-bob equivalents belong here only when the haircut is a real hybrid.
long pixie bob,Primary direct collection,Long bixie,/collections/long/,1600,33,20260801,,,,keyword_magic,keywordmagic_hairstyles_us_pages-1-50_2026-10-06.csv,Long pixie-bob equivalents belong here only when the haircut is a real hybrid.
long pixie bob hairstyles,Primary direct collection,Long bixie,/collections/long/,590,25,20260801,,,,keyword_magic,keywordmagic_hairstyles_us_pages-1-50_2026-10-06.csv,Long pixie-bob equivalents belong here only when the haircut is a real hybrid.
longer pixie bob,Primary direct collection,Long bixie,/collections/long/,480,39,20260801,,,,keyword_magic,keywordmagic_hairstyles_us_pages-1-50_2026-10-06.csv,Long pixie-bob equivalents belong here only when the haircut is a real hybrid.
low maintenance pixie bob haircut,Primary direct collection,Easy styling,/collections/easy-styling/,1900,38,20260801,1900,50,johnfrieda.com: 4,johnfrieda.com; keyword_magic,johnfrieda.com_positions_us_pages-1-20_2026-10-06.csv; keywordmagic_hairstyles_us_pages-1-50_2026-10-06.csv,Explain maintenance tradeoffs; texture and desired finish determine effort.
low-maintenance pixie bob haircut,Primary direct collection,Easy styling,/collections/easy-styling/,,,,1600,41,johnfrieda.com: 3,johnfrieda.com,johnfrieda.com_positions_us_pages-1-20_2026-10-06.csv,Explain maintenance tradeoffs; texture and desired finish determine effort.
pixie bob haircut,Primary equivalent-name intent,Bixie archive and definition,/looks/,,,,6600,31,,johnfrieda.com,johnfrieda.com_positions_us_pages-1-20_2026-10-06.csv,Name equivalence is useful; do not relabel ordinary bobs or pixies.
pixie bob hairstyles,Primary equivalent-name intent,Bixie archive and definition,/looks/,2900,45,20260801,,,,keyword_magic,keywordmagic_hairstyles_us_pages-1-50_2026-10-06.csv,Name equivalence is useful; do not relabel ordinary bobs or pixies.
pixie-bob,Primary equivalent-name intent,Bixie archive and definition,/looks/,,,,2900,29,,johnfrieda.com,johnfrieda.com_positions_us_pages-1-20_2026-10-06.csv,Name equivalence is useful; do not relabel ordinary bobs or pixies.
the bixie haircut,Primary direct head/synonym,Homepage and main archive,/,,,,210,18,stylist.co.uk: 7,stylist.co.uk,stylist.co.uk_positions_us_pages-1-15_2026-10-06.csv,"Consolidate spelling, plural and short-name variants; no duplicate synonym pages."
undercut pixie bob haircut,Primary direct collection,Undercut,/collections/undercut/,590,33,20260801,,,,keyword_magic,keywordmagic_hairstyles_us_pages-1-50_2026-10-06.csv,Publish only clearly documented bixie hybrids with undercut details.
what is a bixie,Primary direct definition,Definition guide,/guides/what-is-a-bixie-haircut/,,,,390,26,nealandwolf.com: 4,nealandwolf.com,nealandwolf.com_positions_us_pages-1-20_2026-10-06.csv,One canonical definition page; no spelling-variant pages.
what is a bixie cut,Primary direct definition,Definition guide,/guides/what-is-a-bixie-haircut/,,,,480,24,,nealandwolf.com,nealandwolf.com_positions_us_pages-1-20_2026-10-06.csv,One canonical definition page; no spelling-variant pages.
what is a bixie haircut,Primary direct definition,Definition guide,/guides/what-is-a-bixie-haircut/,1600,17,20260801,1600,20,johnfrieda.com: 1; nealandwolf.com: 7; stylist.co.uk: 6,johnfrieda.com; keyword_magic; nealandwolf.com; stylist.co.uk,johnfrieda.com_positions_us_pages-1-20_2026-10-06.csv; keywordmagic_hairstyles_us_pages-1-50_2026-10-06.csv; nealandwolf.com_positions_us_pages-1-20_2026-10-06.csv; stylist.co.uk_positions_us_pages-1-15_2026-10-06.csv,One canonical definition page; no spelling-variant pages.
what is bixie haircut,Primary direct definition,Definition guide,/guides/what-is-a-bixie-haircut/,,,,40,14,stylist.co.uk: 7,stylist.co.uk,stylist.co.uk_positions_us_pages-1-15_2026-10-06.csv,One canonical definition page; no spelling-variant pages.
whats a bixie haircut,Primary direct definition,Definition guide,/guides/what-is-a-bixie-haircut/,,,,110,19,stylist.co.uk: 20,stylist.co.uk,stylist.co.uk_positions_us_pages-1-15_2026-10-06.csv,One canonical definition page; no spelling-variant pages.
zendaya bridal bixie cut,Excluded celebrity-specific intent,Exclude from fictional model library,/guides/bixie-vs-pixie-vs-bob/,,,,590,25,,nealandwolf.com,nealandwolf.com_positions_us_pages-1-20_2026-10-06.csv,Do not fabricate celebrity photos or imply an endorsement.
