keyword,source,source_files,volume,difficulty,position,is_serp_feature,position_on_serp,serp_feature_codes,url,snapshot_or_crawl
90's bixie haircut,stylist.co.uk,stylist.co.uk_positions_us_pages-1-15_2026-10-06.csv,50,23,7,false,18,,https://www.stylist.co.uk/beauty/hair/beauty-hair-bixie-haircut-review/1084543,2026-09-07 00:45:38
90s bixie haircut,keyword_magic,keywordmagic_hairstyles_us_pages-1-50_2026-10-06.csv,390,20,,,,,,20260801
a bixie haircut,stylist.co.uk,stylist.co.uk_positions_us_pages-1-15_2026-10-06.csv,50,15,6,false,21,,https://www.stylist.co.uk/beauty/hair/beauty-hair-bixie-haircut-review/1084543,2026-08-15 20:50:10
a bixie haircut,stylist.co.uk,stylist.co.uk_positions_us_pages-1-15_2026-10-06.csv,50,15,7,false,26,,https://www.stylist.co.uk/beauty/hair/beauty-hair-bixie-haircut-review/1084543,2026-08-15 20:50:10
bixie,johnfrieda.com,johnfrieda.com_positions_us_pages-1-20_2026-10-06.csv,12100,31,1,true,1,52,https://www.johnfrieda.com/en-uk/blog/hairstyles/bixie-cuts/,2026-10-04 17:48:25
bixie,johnfrieda.com,johnfrieda.com_positions_us_pages-1-20_2026-10-06.csv,12100,31,1,true,4,52,https://www.johnfrieda.com/en-uk/blog/hairstyles/bixie-cuts/,2026-10-04 17:48:25
bixie,johnfrieda.com,johnfrieda.com_positions_us_pages-1-20_2026-10-06.csv,12100,31,1,true,5,52,https://www.johnfrieda.com/en-uk/blog/hairstyles/bixie-cuts/,2026-10-04 17:48:25
bixie,keyword_magic,keywordmagic_hairstyles_us_pages-1-50_2026-10-06.csv,9900,27,,,,,,20260801
bixie cut,johnfrieda.com,johnfrieda.com_positions_us_pages-1-20_2026-10-06.csv,12100,29,1,false,12,,https://www.johnfrieda.com/en-uk/blog/hairstyles/bixie-cuts/,2026-09-29 23:28:35
bixie cut,johnfrieda.com,johnfrieda.com_positions_us_pages-1-20_2026-10-06.csv,12100,29,1,true,1,52,https://www.johnfrieda.com/en-uk/blog/hairstyles/bixie-cuts/,2026-09-29 23:28:35
bixie cut,johnfrieda.com,johnfrieda.com_positions_us_pages-1-20_2026-10-06.csv,12100,29,1,true,5,52,https://www.johnfrieda.com/en-uk/blog/hairstyles/bixie-cuts/,2026-09-29 23:28:35
bixie cut,keyword_magic,keywordmagic_hairstyles_us_pages-1-50_2026-10-06.csv,9900,31,,,,,,20260801
bixie cut,nealandwolf.com,nealandwolf.com_positions_us_pages-1-20_2026-10-06.csv,12100,29,2,false,17,,https://www.nealandwolf.com/blogs/posts/the-bixie-haircut-guide,2026-09-29 23:28:35
bixie cut haircut,stylist.co.uk,stylist.co.uk_positions_us_pages-1-15_2026-10-06.csv,110,19,5,false,20,,https://www.stylist.co.uk/beauty/hair/beauty-hair-bixie-haircut-review/1084543,2026-08-17 07:41:51
bixie cut haircut,stylist.co.uk,stylist.co.uk_positions_us_pages-1-15_2026-10-06.csv,110,19,1,true,2,52,https://www.stylist.co.uk/beauty/hair/beauty-hair-bixie-haircut-review/1084543,2026-08-17 07:41:51
bixie cuts,keyword_magic,keywordmagic_hairstyles_us_pages-1-50_2026-10-06.csv,590,34,,,,,,20260801
bixie cuts,nealandwolf.com,nealandwolf.com_positions_us_pages-1-20_2026-10-06.csv,590,34,2,false,8,,https://www.nealandwolf.com/blogs/posts/the-bixie-haircut-guide,2026-08-26 06:57:29
bixie hair,nealandwolf.com,nealandwolf.com_positions_us_pages-1-20_2026-10-06.csv,480,20,3,false,12,,https://www.nealandwolf.com/blogs/posts/the-bixie-haircut-guide,2026-08-12 02:42:21
bixie hair,nealandwolf.com,nealandwolf.com_positions_us_pages-1-20_2026-10-06.csv,480,20,1,true,8,52,https://www.nealandwolf.com/blogs/posts/the-bixie-haircut-guide,2026-08-12 02:42:21
bixie hair cut,keyword_magic,keywordmagic_hairstyles_us_pages-1-50_2026-10-06.csv,390,28,,,,,,20260801
bixie hair cut,nealandwolf.com,nealandwolf.com_positions_us_pages-1-20_2026-10-06.csv,480,28,2,false,8,,https://www.nealandwolf.com/blogs/posts/the-bixie-haircut-guide,2026-08-13 05:58:33
bixie haircut,johnfrieda.com,johnfrieda.com_positions_us_pages-1-20_2026-10-06.csv,27100,20,2,false,13,,https://www.johnfrieda.com/en-uk/blog/hairstyles/bixie-cuts/,2026-10-06 01:15:00
bixie haircut,johnfrieda.com,johnfrieda.com_positions_us_pages-1-20_2026-10-06.csv,27100,20,1,true,1,52,https://www.johnfrieda.com/en-uk/blog/hairstyles/bixie-cuts/,2026-10-06 01:15:00
bixie haircut,johnfrieda.com,johnfrieda.com_positions_us_pages-1-20_2026-10-06.csv,27100,20,1,true,2,52,https://www.johnfrieda.com/en-uk/blog/hairstyles/bixie-cuts/,2026-10-06 01:15:00
bixie haircut,johnfrieda.com,johnfrieda.com_positions_us_pages-1-20_2026-10-06.csv,27100,20,1,true,4,52,https://www.johnfrieda.com/en-uk/blog/hairstyles/bixie-cuts/,2026-10-06 01:15:00
bixie haircut,keyword_magic,keywordmagic_hairstyles_us_pages-1-50_2026-10-06.csv,22200,31,,,,,,20260801
bixie haircut,nealandwolf.com,nealandwolf.com_positions_us_pages-1-20_2026-10-06.csv,27100,20,1,false,12,,https://www.nealandwolf.com/blogs/posts/the-bixie-haircut-guide,2026-10-06 01:15:00
bixie haircut,nealandwolf.com,nealandwolf.com_positions_us_pages-1-20_2026-10-06.csv,27100,20,1,true,3,52,https://www.nealandwolf.com/blogs/posts/the-bixie-haircut-guide,2026-10-06 01:15:00
bixie haircut,stylist.co.uk,stylist.co.uk_positions_us_pages-1-15_2026-10-06.csv,27100,20,5,false,25,,https://www.stylist.co.uk/beauty/hair/beauty-hair-bixie-haircut-review/1084543,2026-10-06 01:15:00
bixie haircut 2025,johnfrieda.com,johnfrieda.com_positions_us_pages-1-20_2026-10-06.csv,1900,30,2,false,13,13,https://www.johnfrieda.com/en-uk/blog/hairstyles/bixie-cuts/,2026-09-13 06:53:10
bixie haircut 2025,keyword_magic,keywordmagic_hairstyles_us_pages-1-50_2026-10-06.csv,2400,27,,,,,,20260801
bixie haircut 2026,johnfrieda.com,johnfrieda.com_positions_us_pages-1-20_2026-10-06.csv,2900,26,3,false,9,,https://www.johnfrieda.com/en-uk/blog/hairstyles/bixie-cuts/,2026-10-01 08:07:38
bixie haircut 2026,johnfrieda.com,johnfrieda.com_positions_us_pages-1-20_2026-10-06.csv,2900,26,5,true,13,52,https://www.johnfrieda.com/en-uk/blog/hairstyles/bixie-cuts/,2026-10-01 08:07:38
bixie haircut 2026,keyword_magic,keywordmagic_hairstyles_us_pages-1-50_2026-10-06.csv,1600,29,,,,,,20260801
bixie haircut 90s,keyword_magic,keywordmagic_hairstyles_us_pages-1-50_2026-10-06.csv,480,21,,,,,,20260801
bixie haircut 90s,stylist.co.uk,stylist.co.uk_positions_us_pages-1-15_2026-10-06.csv,590,21,6,false,24,,https://www.stylist.co.uk/beauty/hair/beauty-hair-bixie-haircut-review/1084543,2026-09-11 17:43:18
bixie haircut 90s,stylist.co.uk,stylist.co.uk_positions_us_pages-1-15_2026-10-06.csv,590,21,1,true,8,52,https://www.stylist.co.uk/beauty/hair/beauty-hair-bixie-haircut-review/1084543,2026-09-11 17:43:18
bixie haircut florence pugh,stylist.co.uk,stylist.co.uk_positions_us_pages-1-15_2026-10-06.csv,40,19,7,false,20,,https://www.stylist.co.uk/beauty/hair/bixie-haircut/906047,2026-08-25 06:29:01
bixie haircut for thin hair,keyword_magic,keywordmagic_hairstyles_us_pages-1-50_2026-10-06.csv,590,18,,,,,,20260801
bixie haircut for thin hair,nealandwolf.com,nealandwolf.com_positions_us_pages-1-20_2026-10-06.csv,590,14,7,false,24,,https://www.nealandwolf.com/blogs/posts/the-bixie-haircut-guide,2026-08-12 13:17:18
bixie haircut images,nealandwolf.com,nealandwolf.com_positions_us_pages-1-20_2026-10-06.csv,480,34,4,false,10,,https://www.nealandwolf.com/blogs/posts/the-bixie-haircut-guide,2026-10-04 10:42:57
bixie haircut over 50,johnfrieda.com,johnfrieda.com_positions_us_pages-1-20_2026-10-06.csv,2400,41,3,false,9,,https://www.johnfrieda.com/en-uk/blog/hairstyles/bixie-cuts/,2026-10-02 10:30:21
bixie haircut over 50,johnfrieda.com,johnfrieda.com_positions_us_pages-1-20_2026-10-06.csv,2400,41,4,true,11,52,https://www.johnfrieda.com/en-uk/blog/hairstyles/bixie-cuts/,2026-10-02 10:30:21
bixie haircut over 50,keyword_magic,keywordmagic_hairstyles_us_pages-1-50_2026-10-06.csv,1600,26,,,,,,20260801
bixie haircut over 50,nealandwolf.com,nealandwolf.com_positions_us_pages-1-20_2026-10-06.csv,2400,41,12,false,26,,https://www.nealandwolf.com/blogs/posts/the-bixie-haircut-guide,2026-10-02 10:30:21
bixie haircut over 60,keyword_magic,keywordmagic_hairstyles_us_pages-1-50_2026-10-06.csv,1000,20,,,,,,20260801
bixie haircut round face,keyword_magic,keywordmagic_hairstyles_us_pages-1-50_2026-10-06.csv,390,24,,,,,,20260801
bixie haircut round face,nealandwolf.com,nealandwolf.com_positions_us_pages-1-20_2026-10-06.csv,390,24,16,false,27,,https://www.nealandwolf.com/blogs/posts/the-bixie-haircut-guide,2026-08-26 03:49:10
bixie haircut trend,stylist.co.uk,stylist.co.uk_positions_us_pages-1-15_2026-10-06.csv,70,31,15,false,29,,https://www.stylist.co.uk/beauty/hair/beauty-hair-bixie-haircut-review/1084543,2026-10-02 06:11:49
bixie haircut wavy hair,keyword_magic,keywordmagic_hairstyles_us_pages-1-50_2026-10-06.csv,480,25,,,,,,20260801
bixie haircut wavy hair,nealandwolf.com,nealandwolf.com_positions_us_pages-1-20_2026-10-06.csv,480,19,3,false,13,,https://www.nealandwolf.com/blogs/posts/the-bixie-haircut-guide,2026-08-12 13:19:23
bixie haircut wavy hair,nealandwolf.com,nealandwolf.com_positions_us_pages-1-20_2026-10-06.csv,480,19,2,true,9,21,https://www.nealandwolf.com/blogs/posts/the-bixie-haircut-guide,2026-08-12 13:19:23
bixie haircut with bangs,keyword_magic,keywordmagic_hairstyles_us_pages-1-50_2026-10-06.csv,390,33,,,,,,20260801
bixie haircut with bangs,nealandwolf.com,nealandwolf.com_positions_us_pages-1-20_2026-10-06.csv,390,30,4,false,10,,https://www.nealandwolf.com/blogs/posts/the-bixie-haircut-guide,2026-08-22 13:55:02
bixie haircuts,keyword_magic,keywordmagic_hairstyles_us_pages-1-50_2026-10-06.csv,720,36,,,,,,20260801
bixie haircuts,nealandwolf.com,nealandwolf.com_positions_us_pages-1-20_2026-10-06.csv,1000,36,4,false,10,,https://www.nealandwolf.com/blogs/posts/the-bixie-haircut-guide,2026-09-13 09:27:58
bixie haircuts,nealandwolf.com,nealandwolf.com_positions_us_pages-1-20_2026-10-06.csv,1000,36,8,true,19,52,https://www.nealandwolf.com/blogs/posts/the-bixie-haircut-guide,2026-09-13 09:27:58
bixie low maintenance pixie bob haircut,keyword_magic,keywordmagic_hairstyles_us_pages-1-50_2026-10-06.csv,390,40,,,,,,20260801
bixie low maintenance pixie bob haircut,nealandwolf.com,nealandwolf.com_positions_us_pages-1-20_2026-10-06.csv,390,47,8,false,26,,https://www.nealandwolf.com/blogs/posts/the-bixie-haircut-guide,2026-08-26 15:04:15
bixie low maintenance pixie bob haircut,nealandwolf.com,nealandwolf.com_positions_us_pages-1-20_2026-10-06.csv,390,47,1,true,14,52,https://www.nealandwolf.com/blogs/posts/the-bixie-haircut-guide,2026-08-26 15:04:15
bixie shixie haircut,stylist.co.uk,stylist.co.uk_positions_us_pages-1-15_2026-10-06.csv,260,31,46,false,55,,https://www.stylist.co.uk/beauty/hair/shixie-short-hair-cut/796866,2026-08-12 17:22:00
bixie with bangs,keyword_magic,keywordmagic_hairstyles_us_pages-1-50_2026-10-06.csv,590,35,,,,,,20260801
bixie with bangs,nealandwolf.com,nealandwolf.com_positions_us_pages-1-20_2026-10-06.csv,720,29,4,false,10,,https://www.nealandwolf.com/blogs/posts/the-bixie-haircut-guide,2026-09-15 12:35:20
bixie with bangs,nealandwolf.com,nealandwolf.com_positions_us_pages-1-20_2026-10-06.csv,720,29,5,true,13,52,https://www.nealandwolf.com/blogs/posts/the-bixie-haircut-guide,2026-09-15 12:35:20
bixie wolf cut,keyword_magic,keywordmagic_hairstyles_us_pages-1-50_2026-10-06.csv,390,20,,,,,,20260801
bixie wolf cut,nealandwolf.com,nealandwolf.com_positions_us_pages-1-20_2026-10-06.csv,480,20,5,false,19,,https://www.nealandwolf.com/blogs/posts/the-bixie-haircut-guide,2026-08-19 11:37:46
bixie wolf cut,nealandwolf.com,nealandwolf.com_positions_us_pages-1-20_2026-10-06.csv,480,20,1,true,9,52,https://www.nealandwolf.com/blogs/posts/the-bixie-haircut-guide,2026-08-19 11:37:46
bixies haircut,stylist.co.uk,stylist.co.uk_positions_us_pages-1-15_2026-10-06.csv,70,25,17,false,27,,https://www.stylist.co.uk/beauty/hair/beauty-hair-bixie-haircut-review/1084543,2026-10-02 13:20:37
bobs and pixie cuts,keyword_magic,keywordmagic_hairstyles_us_pages-1-50_2026-10-06.csv,3600,38,,,,,,20260801
boy bob vs bixie cut,nealandwolf.com,nealandwolf.com_positions_us_pages-1-20_2026-10-06.csv,5400,10,2,false,5,,https://www.nealandwolf.com/blogs/posts/the-bixie-haircut-guide,2026-09-28 15:06:39
curly bixie,keyword_magic,keywordmagic_hairstyles_us_pages-1-50_2026-10-06.csv,720,26,,,,,,20260801
curly bixie,nealandwolf.com,nealandwolf.com_positions_us_pages-1-20_2026-10-06.csv,720,26,2,false,8,,https://www.nealandwolf.com/blogs/posts/the-bixie-haircut-guide,2026-09-08 04:41:49
curly bixie,nealandwolf.com,nealandwolf.com_positions_us_pages-1-20_2026-10-06.csv,720,26,7,true,14,52,https://www.nealandwolf.com/blogs/posts/the-bixie-haircut-guide,2026-09-08 04:41:49
fine hair bixie haircut,keyword_magic,keywordmagic_hairstyles_us_pages-1-50_2026-10-06.csv,1300,28,,,,,,20260801
fine hair bixie haircut,nealandwolf.com,nealandwolf.com_positions_us_pages-1-20_2026-10-06.csv,1000,21,5,false,20,,https://www.nealandwolf.com/blogs/posts/the-bixie-haircut-guide,2026-10-04 07:58:46
fine hair bixie haircut,nealandwolf.com,nealandwolf.com_positions_us_pages-1-20_2026-10-06.csv,1000,21,1,true,9,52,https://www.nealandwolf.com/blogs/posts/the-bixie-haircut-guide,2026-10-04 07:58:46
fine hair pixie bob haircut,keyword_magic,keywordmagic_hairstyles_us_pages-1-50_2026-10-06.csv,720,25,,,,,,20260801
layered pixie bob,keyword_magic,keywordmagic_hairstyles_us_pages-1-50_2026-10-06.csv,720,28,,,,,,20260801
long bixie haircut,nealandwolf.com,nealandwolf.com_positions_us_pages-1-20_2026-10-06.csv,480,29,2,false,8,,https://www.nealandwolf.com/blogs/posts/the-bixie-haircut-guide,2026-09-02 21:46:55
long pixie bob,keyword_magic,keywordmagic_hairstyles_us_pages-1-50_2026-10-06.csv,1600,33,,,,,,20260801
long pixie bob hairstyles,keyword_magic,keywordmagic_hairstyles_us_pages-1-50_2026-10-06.csv,590,25,,,,,,20260801
longer pixie bob,keyword_magic,keywordmagic_hairstyles_us_pages-1-50_2026-10-06.csv,480,39,,,,,,20260801
low maintenance pixie bob haircut,johnfrieda.com,johnfrieda.com_positions_us_pages-1-20_2026-10-06.csv,1900,50,4,false,15,,https://www.johnfrieda.com/en-uk/blog/hairstyles/pixie-cuts/,2026-09-16 23:51:32
low maintenance pixie bob haircut,keyword_magic,keywordmagic_hairstyles_us_pages-1-50_2026-10-06.csv,1900,38,,,,,,20260801
low-maintenance pixie bob haircut,johnfrieda.com,johnfrieda.com_positions_us_pages-1-20_2026-10-06.csv,1600,41,3,false,11,,https://www.johnfrieda.com/en-uk/blog/hairstyles/pixie-cuts/,2026-08-22 19:15:29
low-maintenance pixie bob haircut,johnfrieda.com,johnfrieda.com_positions_us_pages-1-20_2026-10-06.csv,1600,41,1,true,3,52,https://www.johnfrieda.com/en-uk/blog/hairstyles/pixie-cuts/,2026-08-22 19:15:29
pixie bob haircut,johnfrieda.com,johnfrieda.com_positions_us_pages-1-20_2026-10-06.csv,6600,31,3,true,10,52,https://www.johnfrieda.com/en-uk/blog/hairstyles/bixie-cuts/,2026-09-30 19:33:32
pixie bob hairstyles,keyword_magic,keywordmagic_hairstyles_us_pages-1-50_2026-10-06.csv,2900,45,,,,,,20260801
pixie-bob,johnfrieda.com,johnfrieda.com_positions_us_pages-1-20_2026-10-06.csv,2900,29,1,true,4,52,https://www.johnfrieda.com/en-uk/blog/hairstyles/bixie-cuts/,2026-10-01 10:51:30
the bixie haircut,stylist.co.uk,stylist.co.uk_positions_us_pages-1-15_2026-10-06.csv,210,18,7,false,29,,https://www.stylist.co.uk/beauty/hair/beauty-hair-bixie-haircut-review/1084543,2026-08-10 18:54:41
undercut pixie bob haircut,keyword_magic,keywordmagic_hairstyles_us_pages-1-50_2026-10-06.csv,590,33,,,,,,20260801
what is a bixie,nealandwolf.com,nealandwolf.com_positions_us_pages-1-20_2026-10-06.csv,390,26,4,false,13,,https://www.nealandwolf.com/blogs/posts/the-bixie-haircut-guide,2026-08-29 06:52:21
what is a bixie cut,nealandwolf.com,nealandwolf.com_positions_us_pages-1-20_2026-10-06.csv,480,24,1,true,4,52,https://www.nealandwolf.com/blogs/posts/the-bixie-haircut-guide,2026-09-28 02:45:21
what is a bixie haircut,johnfrieda.com,johnfrieda.com_positions_us_pages-1-20_2026-10-06.csv,1600,20,1,false,6,13,https://www.johnfrieda.com/en-uk/blog/hairstyles/bixie-cuts/,2026-08-26 12:56:45
what is a bixie haircut,johnfrieda.com,johnfrieda.com_positions_us_pages-1-20_2026-10-06.csv,1600,20,1,true,1,52,https://www.johnfrieda.com/en-uk/blog/hairstyles/bixie-cuts/,2026-08-26 12:56:45
what is a bixie haircut,johnfrieda.com,johnfrieda.com_positions_us_pages-1-20_2026-10-06.csv,1600,20,1,true,4,52,https://www.johnfrieda.com/en-uk/blog/hairstyles/bixie-cuts/,2026-08-26 12:56:45
what is a bixie haircut,keyword_magic,keywordmagic_hairstyles_us_pages-1-50_2026-10-06.csv,1600,17,,,,,,20260801
what is a bixie haircut,nealandwolf.com,nealandwolf.com_positions_us_pages-1-20_2026-10-06.csv,1600,20,7,false,28,,https://www.nealandwolf.com/blogs/posts/the-bixie-haircut-guide,2026-08-26 12:56:45
what is a bixie haircut,stylist.co.uk,stylist.co.uk_positions_us_pages-1-15_2026-10-06.csv,1600,20,6,false,27,,https://www.stylist.co.uk/beauty/hair/beauty-hair-bixie-haircut-review/1084543,2026-08-26 12:56:45
what is a bixie haircut,stylist.co.uk,stylist.co.uk_positions_us_pages-1-15_2026-10-06.csv,1600,20,1,true,5,52,https://www.stylist.co.uk/beauty/hair/beauty-hair-bixie-haircut-review/1084543,2026-08-26 12:56:45
what is bixie haircut,stylist.co.uk,stylist.co.uk_positions_us_pages-1-15_2026-10-06.csv,40,14,7,false,22,,https://www.stylist.co.uk/beauty/hair/beauty-hair-bixie-haircut-review/1084543,2026-08-15 19:26:53
what is bixie haircut,stylist.co.uk,stylist.co.uk_positions_us_pages-1-15_2026-10-06.csv,40,14,8,false,23,,https://www.stylist.co.uk/beauty/hair/beauty-hair-bixie-haircut-review/1084543,2026-08-15 19:26:53
whats a bixie haircut,stylist.co.uk,stylist.co.uk_positions_us_pages-1-15_2026-10-06.csv,110,19,20,false,42,,https://www.stylist.co.uk/beauty/hair/beauty-hair-bixie-haircut-review/1084543,2026-08-23 00:43:25
zendaya bridal bixie cut,nealandwolf.com,nealandwolf.com_positions_us_pages-1-20_2026-10-06.csv,590,25,1,true,6,52,https://www.nealandwolf.com/blogs/posts/the-bixie-haircut-guide,2026-09-18 09:22:27
